{
  "avg_bpf": 134.6096633911133,
  "avg_skip_rate": 1.7932381120754484,
  "num_samples": 15
}