{
  "avg_bpf": 101.51700642903646,
  "avg_skip_rate": 0.9706794423175171,
  "num_samples": 15
}