{
  "ang": {
    "66.67": {
      "lambda": [
        0,
        0.0001,
        0.01,
        0.1,
        0.5,
        1.0,
        2.0,
        5.0,
        10.0,
        50.0,
        100.0,
        500.0
      ],
      "accuracy": [
        0.7684210526315789,
        0.7684210526315789,
        0.7684210526315789,
        0.7684210526315789,
        0.7789473684210526,
        0.7789473684210526,
        0.7684210526315789,
        0.7789473684210526,
        0.7684210526315789,
        0.631578947368421,
        0.0,
        0.0
      ],
      "f1": [
        0.8690476190476191,
        0.8690476190476191,
        0.8690476190476191,
        0.8690476190476191,
        0.8757396449704143,
        0.8757396449704143,
        0.8690476190476191,
        0.8757396449704143,
        0.8690476190476191,
        0.7741935483870968,
        0.0,
        0.0
      ]
    },
    "75.0": {
      "lambda": [
        0,
        0.0001,
        0.01,
        0.1,
        0.5,
        1.0,
        2.0,
        5.0,
        10.0,
        50.0,
        100.0,
        500.0
      ],
      "accuracy": [
        0.896551724137931,
        0.896551724137931,
        0.896551724137931,
        0.896551724137931,
        0.896551724137931,
        0.896551724137931,
        0.9310344827586207,
        0.9310344827586207,
        0.9310344827586207,
        0.8620689655172413,
        0.0,
        0.0
      ],
      "f1": [
        0.9454545454545454,
        0.9454545454545454,
        0.9454545454545454,
        0.9454545454545454,
        0.9454545454545454,
        0.9454545454545454,
        0.9642857142857143,
        0.9642857142857143,
        0.9642857142857143,
        0.9259259259259259,
        0.0,
        0.0
      ]
    },
    "100.0": {
      "lambda": [
        0,
        0.0001,
        0.01,
        0.1,
        0.5,
        1.0,
        2.0,
        5.0,
        10.0,
        50.0,
        100.0,
        500.0
      ],
      "accuracy": [
        0.84375,
        0.84375,
        0.84375,
        0.84375,
        0.84375,
        0.84375,
        0.84375,
        0.84375,
        0.875,
        0.875,
        0.0,
        0.0
      ],
      "f1": [
        0.9152542372881356,
        0.9152542372881356,
        0.9152542372881356,
        0.9152542372881356,
        0.9152542372881356,
        0.9152542372881356,
        0.9152542372881356,
        0.9152542372881356,
        0.9333333333333333,
        0.9333333333333333,
        0.0,
        0.0
      ]
    }
  },
  "hap": {
    "66.67": {
      "lambda": [
        0,
        0.0001,
        0.01,
        0.1,
        0.5,
        1.0,
        2.0,
        5.0,
        10.0,
        50.0,
        100.0,
        500.0
      ],
      "accuracy": [
        0.19,
        0.19,
        0.19,
        0.17,
        0.16,
        0.19,
        0.21,
        0.22,
        0.24,
        0.16,
        0.01,
        0.0
      ],
      "f1": [
        0.31932773109243695,
        0.31932773109243695,
        0.31932773109243695,
        0.2905982905982906,
        0.27586206896551724,
        0.31932773109243695,
        0.34710743801652894,
        0.36065573770491804,
        0.3870967741935484,
        0.27586206896551724,
        0.019801980198019802,
        0.0
      ]
    },
    "100.0": {
      "lambda": [
        0,
        0.0001,
        0.01,
        0.1,
        0.5,
        1.0,
        2.0,
        5.0,
        10.0,
        50.0,
        100.0,
        500.0
      ],
      "accuracy": [
        0.19230769230769232,
        0.19230769230769232,
        0.19230769230769232,
        0.19230769230769232,
        0.19230769230769232,
        0.19230769230769232,
        0.19230769230769232,
        0.19230769230769232,
        0.19230769230769232,
        0.15384615384615385,
        0.0,
        0.0
      ],
      "f1": [
        0.3225806451612903,
        0.3225806451612903,
        0.3225806451612903,
        0.3225806451612903,
        0.3225806451612903,
        0.3225806451612903,
        0.3225806451612903,
        0.3225806451612903,
        0.3225806451612903,
        0.26666666666666666,
        0.0,
        0.0
      ]
    }
  },
  "exc": {
    "50.0": {
      "lambda": [
        0,
        0.0001,
        0.01,
        0.1,
        0.5,
        1.0,
        2.0,
        5.0,
        10.0,
        50.0,
        100.0,
        500.0
      ],
      "accuracy": [
        0.6923076923076923,
        0.6923076923076923,
        0.6923076923076923,
        0.6923076923076923,
        0.6923076923076923,
        0.7307692307692307,
        0.6538461538461539,
        0.6923076923076923,
        0.6538461538461539,
        0.6538461538461539,
        0.7307692307692307,
        0.0
      ],
      "f1": [
        0.8181818181818182,
        0.8181818181818182,
        0.8181818181818182,
        0.8181818181818182,
        0.8181818181818182,
        0.8444444444444444,
        0.7906976744186045,
        0.8181818181818182,
        0.7906976744186045,
        0.7906976744186045,
        0.8444444444444444,
        0.0
      ]
    },
    "66.67": {
      "lambda": [
        0,
        0.0001,
        0.01,
        0.1,
        0.5,
        1.0,
        2.0,
        5.0,
        10.0,
        50.0,
        100.0,
        500.0
      ],
      "accuracy": [
        0.78,
        0.78,
        0.78,
        0.79,
        0.8,
        0.77,
        0.76,
        0.73,
        0.71,
        0.77,
        0.81,
        0.0
      ],
      "f1": [
        0.8764044943820225,
        0.8764044943820225,
        0.8764044943820225,
        0.8826815642458101,
        0.8888888888888888,
        0.8700564971751412,
        0.8636363636363636,
        0.8439306358381503,
        0.8304093567251463,
        0.8700564971751412,
        0.8950276243093923,
        0.0
      ]
    },
    "75.0": {
      "lambda": [
        0,
        0.0001,
        0.01,
        0.1,
        0.5,
        1.0,
        2.0,
        5.0,
        10.0,
        50.0,
        100.0,
        500.0
      ],
      "accuracy": [
        0.9285714285714286,
        0.9285714285714286,
        0.9285714285714286,
        0.9285714285714286,
        0.9285714285714286,
        0.8928571428571429,
        0.8214285714285714,
        0.8214285714285714,
        0.8571428571428571,
        0.8928571428571429,
        0.8928571428571429,
        0.0
      ],
      "f1": [
        0.9629629629629629,
        0.9629629629629629,
        0.9629629629629629,
        0.9629629629629629,
        0.9629629629629629,
        0.9433962264150944,
        0.9019607843137255,
        0.9019607843137255,
        0.9230769230769231,
        0.9433962264150944,
        0.9433962264150944,
        0.0
      ]
    },
    "100.0": {
      "lambda": [
        0,
        0.0001,
        0.01,
        0.1,
        0.5,
        1.0,
        2.0,
        5.0,
        10.0,
        50.0,
        100.0,
        500.0
      ],
      "accuracy": [
        0.90625,
        0.90625,
        0.90625,
        0.90625,
        0.9375,
        0.921875,
        0.890625,
        0.90625,
        0.84375,
        0.859375,
        0.859375,
        0.0
      ],
      "f1": [
        0.9508196721311475,
        0.9508196721311475,
        0.9508196721311475,
        0.9508196721311475,
        0.967741935483871,
        0.959349593495935,
        0.9421487603305785,
        0.9508196721311475,
        0.9152542372881356,
        0.9243697478991597,
        0.9243697478991597,
        0.0
      ]
    }
  },
  "sad": {
    "50.0": {
      "lambda": [
        0,
        0.0001,
        0.01,
        0.1,
        0.5,
        1.0,
        2.0,
        5.0,
        10.0,
        50.0,
        100.0,
        500.0
      ],