{
  "avg_bpf": 173.92662353515624,
  "avg_skip_rate": 4.270170743999478,
  "num_samples": 15
}