{
  "avg_bpf": 252.1776565551758,
  "avg_skip_rate": 11.318383809319235,
  "num_samples": 15
}