{
  "avg_bpf": 449.5004567464193,
  "avg_skip_rate": 19.146240848032562,
  "num_samples": 15
}